config,method,level,npoly,rep,requests,range_requests,mb_requested,exit
gdal_default,direct,L3,150,1,325,324,12.09,0
gdal_default,crop_first,L3,150,1,325,324,12.09,0
rwapor_now,direct,L3,150,1,360,360,44.45,0
rwapor_now,crop_first,L3,150,1,360,360,44.45,0
ai_suggested,direct,L3,150,1,360,360,44.45,0
ai_suggested,crop_first,L3,150,1,360,360,44.45,0
tuned_a,direct,L3,150,1,360,324,12.66,0
tuned_a,crop_first,L3,150,1,360,324,12.66,0
tuned_b,direct,L3,150,1,360,324,27.99,0
tuned_b,crop_first,L3,150,1,360,324,27.99,0
tuned_c,direct,L3,150,1,396,360,44.45,0
tuned_c,crop_first,L3,150,1,396,360,44.45,0
gdal_default,direct,L2,150,1,325,324,15.14,0
gdal_default,crop_first,L2,150,1,325,324,15.14,0
rwapor_now,direct,L2,150,1,180,180,1090.64,0
rwapor_now,crop_first,L2,150,1,180,180,1090.64,0
ai_suggested,direct,L2,150,1,180,180,1090.64,0
ai_suggested,crop_first,L2,150,1,180,180,1090.64,0
tuned_a,direct,L2,150,1,324,288,17.39,0
tuned_a,crop_first,L2,150,1,324,288,17.39,0
tuned_b,direct,L2,150,1,264,228,202.64,0
tuned_b,crop_first,L2,150,1,264,228,202.64,0
tuned_c,direct,L2,150,1,216,180,1090.64,0
